<?xml version="1.0" encoding="UTF-8"?>
<project-private xmlns="http://www.netbeans.org/ns/project-private/1">
    <editor-bookmarks xmlns="http://www.netbeans.org/ns/editor-bookmarks/2" lastBookmarkId="0"/>
    <open-files xmlns="http://www.netbeans.org/ns/projectui-open-files/2">
        <group>
            <file>file:/C:/Users/JUAN%20HENAO/Downloads/PrimeraVentana/PrimeraVentana/src/primeraventana/Bibliotecario.java</file>
            <file>file:/C:/Users/JUAN%20HENAO/Downloads/PrimeraVentana/PrimeraVentana/src/primeraventana/Cliente.java</file>
            <file>file:/C:/Users/JUAN%20HENAO/Downloads/PrimeraVentana/PrimeraVentana/src/primeraventana/Acceso.java</file>
            <file>file:/C:/Users/JUAN%20HENAO/Downloads/PrimeraVentana/PrimeraVentana/src/primeraventana/Libro.java</file>
            <file>file:/C:/Users/JUAN%20HENAO/Downloads/PrimeraVentana/PrimeraVentana/src/primeraventana/mainFX1.java</file>
            <file>file:/C:/Users/JUAN%20HENAO/Downloads/PrimeraVentana/PrimeraVentana/src/primeraventana/Persona.java</file>
            <file>file:/C:/Users/JUAN%20HENAO/Downloads/PrimeraVentana/PrimeraVentana/src/CapaGrafica/PrimeraVentana.java</file>
            <file>file:/C:/Users/JUAN%20HENAO/Downloads/PrimeraVentana/PrimeraVentana/src/CapaGrafica/VentanaFXMLController.java</file>
        </group>
    </open-files>
</project-private>
